USDRUB,D,01/01/16,00:00:00,72.1374000,73.4250000,71.2500000,72.9950000,494
USDRUB,D,02/01/16,00:00:00,72.9950000,72.9950000,72.9950000,72.9950000,34
USDRUB,D,03/01/16,00:00:00,73.4250000,73.4250000,71.0506000,73.0667000,73
USDRUB,D,04/01/16,00:00:00,73.0667000,74.4872000,71.6250000,73.0476000,194881
USDRUB,D,05/01/16,00:00:00,73.1147000,73.5374000,70.9965000,73.2947000,170489
USDRUB,D,06/01/16,00:00:00,73.3538000,75.0644000,71.8361000,74.5710000,211364
USDRUB,D,07/01/16,00:00:00,74.7366000,76.0700000,72.9972000,74.5038000,58909
USDRUB,D,08/01/16,00:00:00,74.7022000,75.4083000,73.1149000,74.2135000,71179
USDRUB,D,09/01/16,00:00:00,74.1299000,74.8069000,73.8026000,74.7010000,276
USDRUB,D,10/01/16,00:00:00,74.9741000,76.6962000,74.9000000,76.3996000,94
USDRUB,D,11/01/16,00:00:00,76.6951000,76.6972000,73.5742000,76.2325000,430471
USDRUB,D,12/01/16,00:00:00,76.3312000,77.6827000,74.1580000,76.7823000,532342
USDRUB,D,13/01/16,00:00:00,76.9129000,77.1974000,75.6271000,76.4438000,537038
USDRUB,D,14/01/16,00:00:00,76.7466000,77.2379000,75.2756000,76.2426000,563217
USDRUB,D,15/01/16,00:00:00,76.2426000,77.9346000,75.5427000,77.5693000,539923
USDRUB,D,16/01/16,00:00:00,77.1527000,77.8116000,76.7497000,77.7013000,1594
USDRUB,D,17/01/16,00:00:00,77.7070000,77.7295000,77.7070000,77.7295000,36
USDRUB,D,18/01/16,00:00:00,77.7295000,79.4246000,76.7466000,79.1821000,489179
USDRUB,D,19/01/16,00:00:00,79.2972000,80.6138000,77.9846000,78.4727000,623996
USDRUB,D,20/01/16,00:00:00,78.6218000,82.4552000,77.3306000,81.2964000,623986
USDRUB,D,21/01/16,00:00:00,81.3223000,85.9493000,80.0996000,82.2698000,706260
USDRUB,D,22/01/16,00:00:00,82.6361000,82.9749000,77.6121000,77.9450000,711022
USDRUB,D,23/01/16,00:00:00,78.1314000,78.3195000,77.7391000,78.2900000,2320
USDRUB,D,24/01/16,00:00:00,78.2900000,79.2083000,78.0424000,79.1662000,106
USDRUB,D,25/01/16,00:00:00,79.1917000,80.1395000,75.3550000,79.9456000,665411
USDRUB,D,26/01/16,00:00:00,80.0079000,82.2802000,77.4100000,78.0408000,711135
USDRUB,D,27/01/16,00:00:00,78.2263000,79.4550000,76.8180000,77.6441000,895779
USDRUB,D,28/01/16,00:00:00,77.8464000,78.2894000,75.4413000,76.2210000,698935
USDRUB,D,29/01/16,00:00:00,76.2210000,76.9680000,74.5763000,75.3803000,596570
USDRUB,D,30/01/16,00:00:00,75.3803000,76.1069000,74.8308000,75.5546000,4018
USDRUB,D,31/01/16,00:00:00,75.1125000,75.5104000,75.1125000,75.4820000,86
USDRUB,D,01/02/16,00:00:00,75.3169000,77.4511000,74.3500000,77.2728000,651180
USDRUB,D,02/02/16,00:00:00,77.0836000,79.8244000,76.2667000,79.6651000,684474
USDRUB,D,03/02/16,00:00:00,79.8178000,81.0247000,76.5040000,76.6088000,675067
USDRUB,D,04/02/16,00:00:00,76.7822000,77.3790000,75.5076000,76.6797000,629980
USDRUB,D,05/02/16,00:00:00,76.6797000,77.7412000,75.8173000,77.4641000,592462
USDRUB,D,06/02/16,00:00:00,77.5085000,77.6210000,75.9404000,77.3281000,2212
USDRUB,D,07/02/16,00:00:00,77.1690000,77.9009000,76.0089000,77.6041000,108
USDRUB,D,08/02/16,00:00:00,77.8996000,79.0876000,75.7817000,77.4868000,589131
USDRUB,D,09/02/16,00:00:00,77.4868000,80.0503000,75.3737000,79.7112000,572130
USDRUB,D,10/02/16,00:00:00,79.6999000,79.8119000,77.6333000,78.6635000,623101
USDRUB,D,11/02/16,00:00:00,78.8503000,80.6243000,75.9307000,79.5981000,569044
USDRUB,D,12/02/16,00:00:00,80.0450000,80.2195000,77.4907000,77.6466000,535117
USDRUB,D,13/02/16,00:00:00,78.4250000,78.7266000,76.9722000,78.4415000,239
USDRUB,D,14/02/16,00:00:00,78.3635000,78.8045000,78.3635000,78.3635000,49
USDRUB,D,15/02/16,00:00:00,78.3635000,79.4350000,76.5520000,76.8935000,363828
USDRUB,D,16/02/16,00:00:00,76.9780000,78.7250000,75.8569000,77.8025000,687932
USDRUB,D,17/02/16,00:00:00,78.1465000,78.2946000,74.5382000,74.9110000,525161
USDRUB,D,18/02/16,00:00:00,75.2519000,76.4786000,74.3305000,76.3574000,684956
USDRUB,D,19/02/16,00:00:00,76.4042000,77.8766000,74.9917000,76.7239000,456940
USDRUB,D,20/02/16,00:00:00,76.9955000,77.2445000,75.2937000,77.2445000,377
USDRUB,D,21/02/16,00:00:00,77.6830000,77.7134000,77.0317000,77.7134000,61
USDRUB,D,22/02/16,00:00:00,77.7025000,78.5625000,74.6378000,75.0825000,393287
USDRUB,D,23/02/16,00:00:00,75.2267000,77.7188000,73.8411000,76.2392000,79833
USDRUB,D,24/02/16,00:00:00,76.2106000,77.7060000,75.0100000,76.1200000,647078
USDRUB,D,25/02/16,00:00:00,75.8497000,76.7100000,74.9320000,75.1776000,485469
USDRUB,D,26/02/16,00:00:00,75.1776000,76.3986000,74.4304000,76.2035000,711165
USDRUB,D,27/02/16,00:00:00,76.2571000,76.7071000,75.8375000,76.1212000,526
USDRUB,D,28/02/16,00:00:00,75.4625000,76.5965000,75.0750000,76.3855000,108
USDRUB,D,29/02/16,00:00:00,76.4110000,76.4110000,73.8274000,75.0990000,737784
USDRUB,D,01/03/16,00:00:00,75.3111000,75.6580000,72.5231000,72.9610000,509353
USDRUB,D,02/03/16,00:00:00,73.1892000,74.2322000,72.0821000,72.8749000,427886
USDRUB,D,03/03/16,00:00:00,72.8868000,74.0604000,71.2897000,73.0339000,382036
USDRUB,D,04/03/16,00:00:00,72.9572000,73.4236000,71.5570000,71.7047000,461220
USDRUB,D,05/03/16,00:00:00,72.0950000,72.3890000,70.8981000,72.0491000,292
USDRUB,D,06/03/16,00:00:00,72.2510000,72.3500000,70.2630000,71.9080000,99
USDRUB,D,07/03/16,00:00:00,72.2035000,72.2698000,70.9680000,71.4034000,473863
USDRUB,D,08/03/16,00:00:00,71.4853000,72.9745000,71.0471000,72.6771000,179523
USDRUB,D,09/03/16,00:00:00,72.9668000,73.2998000,70.7086000,70.9621000,411520
USDRUB,D,10/03/16,00:00:00,70.9999000,71.8846000,69.5435000,71.4364000,429950
USDRUB,D,11/03/16,00:00:00,71.1986000,71.4934000,69.3990000,69.9433000,414428
USDRUB,D,12/03/16,00:00:00,69.5563000,70.0071000,68.4816000,69.8954000,62
USDRUB,D,13/03/16,00:00:00,69.8939000,70.7721000,69.8310000,70.7578000,73
USDRUB,D,14/03/16,00:00:00,70.1800000,71.6800000,68.9204000,69.8316000,473103
USDRUB,D,15/03/16,00:00:00,70.2505000,71.4026000,69.3860000,70.5818000,457487
USDRUB,D,16/03/16,00:00:00,70.5818000,71.7225000,68.2579000,68.2579000,700418
USDRUB,D,17/03/16,00:00:00,69.0805000,69.7355000,67.3798000,67.7727000,516168
USDRUB,D,18/03/16,00:00:00,68.2602000,68.7134000,66.2693000,66.7729000,626000
USDRUB,D,19/03/16,00:00:00,67.8341000,68.3970000,67.8341000,68.2618000,32
USDRUB,D,20/03/16,00:00:00,67.9380000,68.9695000,67.9380000,68.5883000,160
USDRUB,D,21/03/16,00:00:00,68.3970000,69.2450000,67.2750000,68.1266000,312178
USDRUB,D,22/03/16,00:00:00,68.1238000,68.2900000,66.2603000,67.2545000,313954
USDRUB,D,23/03/16,00:00:00,67.2929000,68.7336000,67.0104000,67.9380000,319923
USDRUB,D,24/03/16,00:00:00,68.6930000,69.7307000,67.9719000,68.1412000,362700
USDRUB,D,25/03/16,00:00:00,68.9257000,69.0846000,66.3481000,68.6952000,241866
USDRUB,D,26/03/16,00:00:00,68.6176000,68.7609000,68.4294000,68.4294000,30
USDRUB,D,27/03/16,00:00:00,68.1800000,68.5845000,68.1800000,68.5845000,69
USDRUB,D,28/03/16,00:00:00,68.2395000,68.7260000,67.1009000,68.7260000,252021
USDRUB,D,29/03/16,00:00:00,68.6723000,69.2186000,66.9556000,68.3095000,301377
USDRUB,D,30/03/16,00:00:00,68.3248000,68.4843000,66.6321000,67.5620000,304146
USDRUB,D,31/03/16,00:00:00,67.7757000,69.2285000,66.2664000,66.9688000,329403
USDRUB,D,01/04/16,00:00:00,66.9128000,68.3487000,65.2899000,67.8695000,337464
USDRUB,D,02/04/16,00:00:00,67.9140000,67.9445000,67.2580000,67.6804000,33
USDRUB,D,03/04/16,00:00:00,67.3800000,67.9400000,67.2869000,67.2922000,54
USDRUB,D,04/04/16,00:00:00,67.3800000,68.9162000,67.2787000,68.5495000,320851
USDRUB,D,05/04/16,00:00:00,68.4206000,69.4786000,67.5510000,68.5451000,320550
USDRUB,D,06/04/16,00:00:00,69.2820000,69.2820000,67.1010000,67.4994000,266087
USDRUB,D,07/04/16,00:00:00,67.6598000,68.4068000,66.3950000,67.7238000,313817
USDRUB,D,08/04/16,00:00:00,68.1397000,68.9500000,66.5971000,67.0000000,251828
USDRUB,D,09/04/16,00:00:00,67.0950000,67.3975000,66.5841000,67.0913000,31
USDRUB,D,10/04/16,00:00:00,67.1370000,67.3540000,65.0659000,67.3540000,79
USDRUB,D,11/04/16,00:00:00,67.3438000,67.3975000,65.6995000,66.4995000,286758
USDRUB,D,12/04/16,00:00:00,66.6338000,67.2654000,65.0436000,65.3724000,290431
USDRUB,D,13/04/16,00:00:00,65.6670000,66.3300000,64.7184000,65.9319000,304106
USDRUB,D,14/04/16,00:00:00,66.2253000,67.4100000,65.5350000,65.9402000,343247
USDRUB,D,15/04/16,00:00:00,66.0177000,67.3350000,65.5633000,65.6401000,326643
USDRUB,D,16/04/16,00:00:00,66.2644000,66.4691000,65.8668000,66.4619000,30
USDRUB,D,17/04/16,00:00:00,66.4020000,68.7262000,66.3365000,67.1379000,156
USDRUB,D,18/04/16,00:00:00,67.1592000,68.8535000,65.9880000,66.2658000,119266
USDRUB,D,19/04/16,00:00:00,66.2993000,67.3481000,65.0220000,65.6229000,467345
USDRUB,D,20/04/16,00:00:00,65.9003000,67.0830000,64.7250000,64.9751000,503411
USDRUB,D,21/04/16,00:00:00,65.1686000,66.9363000,64.4200000,66.5855000,502081
USDRUB,D,22/04/16,00:00:00,66.6804000,66.8435000,65.5064000,66.5000000,495121
USDRUB,D,23/04/16,00:00:00,66.3400000,66.7000000,65.6623000,66.5243000,31
USDRUB,D,24/04/16,00:00:00,66.3895000,66.8607000,66.1555000,66.8318000,58
USDRUB,D,25/04/16,00:00:00,66.8573000,67.1167000,64.6524000,66.2704000,493868
USDRUB,D,26/04/16,00:00:00,66.5593000,66.9749000,64.9630000,65.3295000,484462
USDRUB,D,27/04/16,00:00:00,65.2548000,65.9765000,64.6480000,64.8878000,499326
USDRUB,D,28/04/16,00:00:00,65.2046000,65.3779000,64.1220000,64.6146000,454497
USDRUB,D,29/04/16,00:00:00,64.8026000,65.5105000,63.9626000,64.7650000,442267
USDRUB,D,30/04/16,00:00:00,65.1017000,65.7336000,64.6928000,64.9833000,32
USDRUB,D,01/05/16,00:00:00,64.8505000,64.8505000,64.7390000,64.7979000,71
USDRUB,D,02/05/16,00:00:00,64.8255000,65.3100000,61.8795000,65.1700000,96793
USDRUB,D,03/05/16,00:00:00,65.2655000,66.8021000,64.4250000,66.0461000,138017
USDRUB,D,04/05/16,00:00:00,66.3921000,67.5745000,64.7997000,66.4810000,474645
USDRUB,D,05/05/16,00:00:00,66.5976000,66.7649000,65.1687000,65.5182000,517136
USDRUB,D,06/05/16,00:00:00,65.7990000,66.9190000,64.6350000,65.3483000,449129
USDRUB,D,07/05/16,00:00:00,65.4863000,66.1750000,64.7900000,65.8485000,30
USDRUB,D,08/05/16,00:00:00,66.1750000,66.6664000,64.6767000,65.8797000,115
USDRUB,D,09/05/16,00:00:00,65.8445000,66.6776000,64.7440000,65.6630000,195682
USDRUB,D,10/05/16,00:00:00,66.5721000,67.1345000,65.6129000,66.0510000,448183
USDRUB,D,11/05/16,00:00:00,66.1585000,66.3848000,64.0631000,64.8450000,423764
USDRUB,D,12/05/16,00:00:00,64.9117000,65.5260000,63.0851000,63.0851000,472236
USDRUB,D,13/05/16,00:00:00,64.1625000,66.4285000,63.0281000,65.3860000,472002
USDRUB,D,14/05/16,00:00:00,65.4393000,65.5037000,64.8356000,65.3313000,33
USDRUB,D,15/05/16,00:00:00,65.4770000,67.2038000,65.3450000,66.3125000,85
USDRUB,D,16/05/16,00:00:00,66.6080000,66.6099000,64.2820000,64.7940000,404813
USDRUB,D,17/05/16,00:00:00,64.9321000,65.0671000,63.8832000,64.5270000,440706
USDRUB,D,18/05/16,00:00:00,64.7485000,66.1645000,64.2900000,65.9610000,472654
USDRUB,D,19/05/16,00:00:00,66.1694000,67.3126000,65.5750000,66.4940000,474464
USDRUB,D,20/05/16,00:00:00,66.7983000,67.7446000,65.4717000,66.7800000,422142
USDRUB,D,21/05/16,00:00:00,66.9722000,66.9722000,66.4820000,66.8316000,30
USDRUB,D,22/05/16,00:00:00,66.8460000,66.9220000,65.7567000,65.8670000,138
USDRUB,D,23/05/16,00:00:00,66.1625000,67.5973000,65.5321000,66.7170000,344020
USDRUB,D,24/05/16,00:00:00,67.2224000,67.2803000,65.6700000,66.0614000,415194
USDRUB,D,25/05/16,00:00:00,66.3457000,66.4909000,64.6346000,64.6346000,425300
USDRUB,D,26/05/16,00:00:00,65.3873000,65.8790000,64.3400000,65.4602000,409889
USDRUB,D,27/05/16,00:00:00,65.8473000,66.4075000,64.2489000,64.2489000,405310
USDRUB,D,28/05/16,00:00:00,65.8130000,66.0550000,65.7774000,66.0308000,31
USDRUB,D,30/05/16,00:00:00,66.0686000,66.2915000,65.1151000,65.5911000,298619
USDRUB,D,31/05/16,00:00:00,65.7489000,66.9955000,65.0053000,66.0515000,376269
USDRUB,D,01/06/16,00:00:00,66.5157000,67.5675000,65.9350000,66.9280000,442366
USDRUB,D,02/06/16,00:00:00,66.9300000,67.7056000,65.9350000,66.8960000,408012
USDRUB,D,03/06/16,00:00:00,66.9768000,67.1658000,64.3808000,64.4067000,407752
USDRUB,D,04/06/16,00:00:00,65.3263000,65.6417000,64.8709000,65.6040000,30
USDRUB,D,05/06/16,00:00:00,66.4130000,66.4130000,65.6640000,66.4130000,57
USDRUB,D,06/06/16,00:00:00,66.4130000,67.0618000,65.0220000,65.2540000,385773
USDRUB,D,07/06/16,00:00:00,65.3048000,65.6080000,64.1000000,64.5050000,399935
USDRUB,D,08/06/16,00:00:00,64.5957000,64.8262000,63.3680000,63.5840000,398878
USDRUB,D,09/06/16,00:00:00,63.6500000,64.4906000,63.0900000,64.2770000,406046
USDRUB,D,10/06/16,00:00:00,64.3063000,65.4858000,62.8407000,64.6784000,440486
USDRUB,D,11/06/16,00:00:00,65.5080000,65.5683000,65.2350000,65.3730000,32
USDRUB,D,12/06/16,00:00:00,65.3020000,65.3190000,63.9889000,63.9957000,111
USDRUB,D,13/06/16,00:00:00,64.2912000,66.0830000,62.6213000,65.5720000,213465
USDRUB,D,14/06/16,00:00:00,65.6545000,66.3047000,65.3500000,66.0550000,398663
USDRUB,D,15/06/16,00:00:00,66.0551000,66.2187000,64.9896000,65.4920000,385730
USDRUB,D,16/06/16,00:00:00,65.4930000,66.0913000,64.3473000,64.4620000,426092
USDRUB,D,17/06/16,00:00:00,65.1584000,65.7843000,63.8815000,63.8816000,380844
USDRUB,D,18/06/16,00:00:00,64.7677000,64.8183000,64.1555000,64.7922000,33
USDRUB,D,19/06/16,00:00:00,64.7220000,65.8210000,64.7220000,65.1333000,67
USDRUB,D,20/06/16,00:00:00,65.4286000,65.6050000,63.5360000,64.0238000,364893
USDRUB,D,21/06/16,00:00:00,64.2526000,65.5180000,63.5529000,63.5529000,384480
USDRUB,D,22/06/16,00:00:00,63.8422000,65.1447000,62.3623000,64.3872000,383120
USDRUB,D,23/06/16,00:00:00,64.6927000,65.7284000,62.6598000,63.4995000,392944
USDRUB,D,24/06/16,00:00:00,63.7100000,67.3234000,61.8950000,63.5931000,427311
USDRUB,D,25/06/16,00:00:00,65.0435000,65.2841000,64.6187000,65.1480000,30
USDRUB,D,26/06/16,00:00:00,65.2455000,65.8328000,65.1540000,65.2455000,64
USDRUB,D,27/06/16,00:00:00,65.2123000,66.7625000,63.5312000,65.3630000,392384
USDRUB,D,28/06/16,00:00:00,65.6262000,66.2396000,63.4133000,63.9383000,373874
USDRUB,D,29/06/16,00:00:00,64.1615000,64.4802000,63.3994000,63.3994000,391023
USDRUB,D,30/06/16,00:00:00,63.6597000,66.2783000,62.8635000,63.6135000,417328
USDRUB,D,01/07/16,00:00:00,63.8440000,64.8250000,62.3717000,62.9585000,424796
USDRUB,D,02/07/16,00:00:00,63.8059000,63.8100000,63.4200000,63.7755000,30
USDRUB,D,03/07/16,00:00:00,63.8150000,63.8896000,63.8150000,63.8470000,30
USDRUB,D,04/07/16,00:00:00,63.8470000,66.4233000,62.1929000,63.8852000,321527
USDRUB,D,05/07/16,00:00:00,63.9338000,65.0233000,61.7345000,64.0008000,433140
USDRUB,D,06/07/16,00:00:00,64.5687000,64.8012000,63.9761000,63.9839000,439870
USDRUB,D,07/07/16,00:00:00,64.3093000,64.7511000,63.4474000,64.4130000,391493
USDRUB,D,08/07/16,00:00:00,64.5859000,65.3540000,62.8515000,62.8515000,340921
USDRUB,D,09/07/16,00:00:00,63.7618000,63.8418000,63.4076000,63.8418000,36
USDRUB,D,10/07/16,00:00:00,63.9050000,63.9050000,63.8660000,63.8950000,65
USDRUB,D,11/07/16,00:00:00,63.9050000,64.8758000,63.0114000,63.9210000,362415
USDRUB,D,12/07/16,00:00:00,64.2560000,64.3192000,62.9107000,63.9805000,376468
USDRUB,D,13/07/16,00:00:00,63.8724000,64.1874000,63.1538000,63.7569000,378918
USDRUB,D,14/07/16,00:00:00,63.8878000,64.0490000,62.6629000,62.8970000,387637
USDRUB,D,15/07/16,00:00:00,63.1244000,63.8571000,62.4439000,63.5960000,373664
USDRUB,D,16/07/16,00:00:00,63.7744000,63.9930000,63.5995000,63.6315000,32
USDRUB,D,17/07/16,00:00:00,63.5695000,63.6750000,62.5876000,63.3858000,107
USDRUB,D,18/07/16,00:00:00,63.4854000,63.7548000,62.6823000,62.8221000,272997
USDRUB,D,19/07/16,00:00:00,62.8547000,63.7480000,62.4198000,63.4891000,283960
USDRUB,D,20/07/16,00:00:00,63.4896000,63.9155000,63.1187000,63.7050000,356076
USDRUB,D,21/07/16,00:00:00,63.7967000,64.4490000,63.3730000,63.8886000,364809
USDRUB,D,22/07/16,00:00:00,64.2939000,64.9645000,63.8883000,64.8060000,334582
USDRUB,D,23/07/16,00:00:00,64.8346000,64.8349000,64.5995000,64.8103000,33
USDRUB,D,24/07/16,00:00:00,64.6400000,64.8466000,64.5468000,64.5486000,125
USDRUB,D,25/07/16,00:00:00,64.8441000,65.5371000,64.4250000,65.3141000,310141
USDRUB,D,26/07/16,00:00:00,65.3141000,66.5425000,65.0750000,65.7180000,386340
USDRUB,D,27/07/16,00:00:00,65.8939000,66.4488000,65.2601000,65.2601000,394331
USDRUB,D,28/07/16,00:00:00,65.7309000,66.9225000,65.2578000,66.6360000,408195
USDRUB,D,29/07/16,00:00:00,66.8880000,67.1643000,65.5780000,65.5983000,423062
USDRUB,D,30/07/16,00:00:00,65.8740000,66.0487000,65.6041000,65.9505000,31
USDRUB,D,31/07/16,00:00:00,66.0200000,66.0200000,65.6244000,65.6368000,72
USDRUB,D,01/08/16,00:00:00,66.0200000,67.2252000,65.2506000,66.8977000,408638
USDRUB,D,02/08/16,00:00:00,67.0262000,67.4453000,65.9813000,66.6500000,428771
USDRUB,D,03/08/16,00:00:00,66.8721000,67.0180000,65.9892000,65.9892000,421716
USDRUB,D,04/08/16,00:00:00,66.2951000,67.0564000,65.5060000,66.0124000,382203
USDRUB,D,05/08/16,00:00:00,65.7870000,66.0132000,64.2178000,65.4780000,397314
USDRUB,D,06/08/16,00:00:00,65.5487000,65.5487000,65.1250000,65.4780000,32
USDRUB,D,07/08/16,00:00:00,65.4780000,66.5475000,65.1101000,66.5209000,85
USDRUB,D,08/08/16,00:00:00,66.5479000,66.9060000,64.3430000,64.6760000,363920
USDRUB,D,09/08/16,00:00:00,64.6300000,65.1210000,64.2108000,64.7620000,367254
USDRUB,D,10/08/16,00:00:00,64.8083000,65.0152000,63.9977000,65.0116000,400525
USDRUB,D,11/08/16,00:00:00,64.9851000,65.1450000,63.3021000,64.2910000,411275
USDRUB,D,12/08/16,00:00:00,64.3315000,65.0519000,64.0650000,64.7330000,315364
USDRUB,D,13/08/16,00:00:00,64.7532000,65.1504000,64.7262000,64.8091000,31
USDRUB,D,14/08/16,00:00:00,64.8510000,65.1279000,64.3305000,64.3388000,47
USDRUB,D,15/08/16,00:00:00,64.8648000,64.8648000,62.9795000,64.0286000,376361
USDRUB,D,16/08/16,00:00:00,64.0130000,64.2564000,63.4330000,63.8040000,397505
USDRUB,D,17/08/16,00:00:00,63.8030000,64.3230000,63.4965000,63.9379000,434977
USDRUB,D,18/08/16,00:00:00,63.8682000,64.1842000,63.3450000,63.6010000,429021
USDRUB,D,19/08/16,00:00:00,63.6707000,64.1050000,63.1361000,63.7830000,437017
USDRUB,D,20/08/16,00:00:00,63.8431000,63.9018000,63.7745000,63.8620000,31
USDRUB,D,21/08/16,00:00:00,63.7950000,63.9022000,63.7950000,63.8859000,59
USDRUB,D,22/08/16,00:00:00,63.8797000,67.3629000,62.7796000,64.7555000,430804
USDRUB,D,23/08/16,00:00:00,64.7924000,64.9783000,64.2242000,64.5770000,430321
USDRUB,D,24/08/16,00:00:00,64.6326000,65.3275000,64.1300000,65.1840000,436450
USDRUB,D,25/08/16,00:00:00,65.2344000,65.2570000,64.5133000,64.5464000,396275
USDRUB,D,26/08/16,00:00:00,65.1031000,65.1142000,63.0850000,63.9021000,428965
USDRUB,D,27/08/16,00:00:00,64.6815000,64.9622000,64.6327000,64.7096000,28
USDRUB,D,28/08/16,00:00:00,64.4730000,64.6640000,63.9645000,64.4620000,25
USDRUB,D,29/08/16,00:00:00,64.4620000,65.1745000,63.0652000,63.0652000,354919
USDRUB,D,30/08/16,00:00:00,64.7456000,65.3639000,64.0116000,65.3385000,402112
USDRUB,D,31/08/16,00:00:00,65.3459000,65.4565000,65.0330000,65.3545000,404162
USDRUB,D,01/09/16,00:00:00,65.4083000,65.9954000,64.8300000,65.8440000,424160
USDRUB,D,02/09/16,00:00:00,66.0135000,66.0135000,64.8519000,65.0790000,401621
USDRUB,D,03/09/16,00:00:00,65.1534000,65.2787000,64.8995000,65.1250000,31
USDRUB,D,04/09/16,00:00:00,66.4900000,66.4900000,65.0884000,65.0953000,57
USDRUB,D,05/09/16,00:00:00,65.1500000,65.4827000,64.4260000,64.7707000,375794
USDRUB,D,06/09/16,00:00:00,64.9370000,65.1061000,64.2540000,64.4750000,388825
USDRUB,D,07/09/16,00:00:00,64.6193000,64.7439000,63.3510000,64.1901000,448058
USDRUB,D,08/09/16,00:00:00,64.1859000,64.5152000,63.5233000,63.8904000,481076
USDRUB,D,09/09/16,00:00:00,63.9995000,64.8285000,62.8254000,64.7270000,484697
USDRUB,D,10/09/16,00:00:00,64.7263000,64.7813000,64.6070000,64.7507000,34
USDRUB,D,11/09/16,00:00:00,64.6075000,64.6654000,63.8958000,64.6560000,68
USDRUB,D,12/09/16,00:00:00,64.6560000,65.3025000,63.4170000,64.5171000,542228
USDRUB,D,13/09/16,00:00:00,64.6608000,65.6230000,64.3750000,65.3020000,535868
USDRUB,D,14/09/16,00:00:00,65.3862000,65.6366000,64.7513000,65.1694000,611692
USDRUB,D,15/09/16,00:00:00,65.1570000,65.4030000,64.2460000,64.7060000,477244
USDRUB,D,16/09/16,00:00:00,64.7050000,65.6728000,64.0460000,65.6728000,483686
USDRUB,D,17/09/16,00:00:00,65.6046000,65.6046000,64.9500000,65.2446000,26
USDRUB,D,18/09/16,00:00:00,64.9530000,66.0982000,64.9500000,66.0982000,31
USDRUB,D,19/09/16,00:00:00,64.9500000,66.0982000,64.2895000,64.6000000,484955
USDRUB,D,20/09/16,00:00:00,64.6797000,65.0134000,64.3912000,64.6427000,466312
USDRUB,D,21/09/16,00:00:00,64.7964000,65.0414000,63.5720000,63.8960000,476997
USDRUB,D,22/09/16,00:00:00,63.9747000,64.2320000,63.4400000,63.5095000,465237
USDRUB,D,23/09/16,00:00:00,63.5799000,64.1104000,63.3413000,63.8600000,506901
USDRUB,D,24/09/16,00:00:00,64.0479000,64.4391000,64.0019000,64.0019000,29
USDRUB,D,25/09/16,00:00:00,64.0770000,64.0770000,63.7579000,64.0090000,63
USDRUB,D,26/09/16,00:00:00,64.0090000,64.3349000,63.2814000,63.8960000,480601
USDRUB,D,27/09/16,00:00:00,64.1374000,64.5175000,63.0056000,63.4950000,478137
USDRUB,D,28/09/16,00:00:00,63.7026000,64.4538000,62.9250000,63.0400000,532630
USDRUB,D,29/09/16,00:00:00,63.0913000,63.3836000,62.6670000,62.9220000,563522
USDRUB,D,30/09/16,00:00:00,62.9350000,63.9298000,62.5530000,62.7910000,491104
USDRUB,D,01/10/16,00:00:00,62.9114000,62.9179000,62.5124000,62.8732000,31
USDRUB,D,02/10/16,00:00:00,62.7890000,62.9672000,62.7890000,62.9220000,87
USDRUB,D,03/10/16,00:00:00,62.9388000,63.1124000,62.1170000,62.2044000,391955
USDRUB,D,04/10/16,00:00:00,62.2044000,62.8570000,62.1865000,62.6020000,456867
USDRUB,D,05/10/16,00:00:00,62.6020000,62.7954000,61.5895000,62.2308000,391385
USDRUB,D,06/10/16,00:00:00,62.3313000,62.5131000,61.8946000,61.9920000,431868
USDRUB,D,07/10/16,00:00:00,62.1236000,62.5265000,61.9125000,62.1120000,475363
USDRUB,D,08/10/16,00:00:00,62.2319000,62.3110000,62.2210000,62.2336000,30
USDRUB,D,09/10/16,00:00:00,62.2210000,62.2210000,62.0083000,62.1994000,90
USDRUB,D,10/10/16,00:00:00,62.2072000,62.5298000,61.6947000,61.8246000,382717
USDRUB,D,11/10/16,00:00:00,61.8246000,62.8964000,61.7836000,62.6759000,450319
USDRUB,D,12/10/16,00:00:00,62.5510000,63.2899000,62.2345000,62.9991000,421193
USDRUB,D,13/10/16,00:00:00,63.1450000,63.7125000,62.4055000,63.0014000,456738
USDRUB,D,14/10/16,00:00:00,62.9994000,63.3068000,62.3880000,62.8070000,439807
USDRUB,D,15/10/16,00:00:00,63.0456000,63.0456000,62.5886000,62.9605000,34
USDRUB,D,16/10/16,00:00:00,62.9400000,62.9811000,62.9290000,62.9657000,96
USDRUB,D,17/10/16,00:00:00,62.9400000,63.3261000,62.2495000,63.0890000,395629
USDRUB,D,18/10/16,00:00:00,63.1039000,63.1543000,62.2779000,62.2779000,337970
USDRUB,D,19/10/16,00:00:00,62.5419000,62.9828000,62.1260000,62.1810000,360935
USDRUB,D,20/10/16,00:00:00,62.1666000,62.5045000,61.8200000,62.2603000,380264
USDRUB,D,21/10/16,00:00:00,62.3970000,62.5865000,62.0479000,62.3060000,420606
USDRUB,D,22/10/16,00:00:00,62.3083000,62.4500000,62.2053000,62.3693000,32
USDRUB,D,23/10/16,00:00:00,62.3540000,62.4960000,62.1882000,62.3885000,106
USDRUB,D,24/10/16,00:00:00,62.3781000,62.8491000,61.9015000,62.1461000,417298
USDRUB,D,25/10/16,00:00:00,62.2036000,62.4403000,61.8418000,62.0530000,399257
USDRUB,D,26/10/16,00:00:00,62.1859000,64.0230000,61.3390000,62.6786000,375425
USDRUB,D,27/10/16,00:00:00,62.7511000,63.2473000,62.4100000,62.6996000,393269
USDRUB,D,28/10/16,00:00:00,62.6300000,63.1374000,61.8850000,62.7260000,418842
USDRUB,D,29/10/16,00:00:00,62.9168000,63.0670000,62.5869000,62.9750000,31
USDRUB,D,30/10/16,00:00:00,62.9505000,62.9887000,62.8951000,62.9808000,89
USDRUB,D,31/10/16,00:00:00,62.9679000,63.5891000,61.9030000,63.1430000,350921
USDRUB,D,01/11/16,00:00:00,63.1430000,63.4589000,62.4230000,63.2060000,390666
USDRUB,D,02/11/16,00:00:00,63.2060000,63.8415000,63.1722000,63.4720000,445496
USDRUB,D,03/11/16,00:00:00,63.4988000,63.8327000,63.0768000,63.3960000,441982
USDRUB,D,04/11/16,00:00:00,63.3960000,64.6539000,63.3950000,63.6754000,300943
USDRUB,D,05/11/16,00:00:00,64.1104000,64.4390000,64.0806000,64.3588000,32
USDRUB,D,06/11/16,00:00:00,64.4587000,64.4673000,64.0940000,64.1773000,43
USDRUB,D,07/11/16,00:00:00,64.2013000,64.6642000,63.4110000,63.6556000,361226
USDRUB,D,08/11/16,00:00:00,63.6556000,63.9815000,63.4121000,63.7608000,343576
USDRUB,D,09/11/16,00:00:00,63.7455000,64.7575000,63.1714000,63.7461000,550948
USDRUB,D,10/11/16,00:00:00,63.8342000,65.6680000,62.6616000,65.0888000,505475
USDRUB,D,11/11/16,00:00:00,65.3384000,66.8966000,64.2974000,65.6366000,543070
USDRUB,D,12/11/16,00:00:00,65.6205000,66.0660000,65.3641000,65.8457000,994
USDRUB,D,13/11/16,00:00:00,65.7775000,66.0660000,65.7491000,65.8229000,76
USDRUB,D,14/11/16,00:00:00,65.8934000,66.4885000,64.4082000,65.9878000,503954
USDRUB,D,15/11/16,00:00:00,65.9850000,66.3842000,64.0500000,64.1515000,462635
USDRUB,D,16/11/16,00:00:00,64.1449000,65.5700000,63.6390000,64.3404000,530023
USDRUB,D,17/11/16,00:00:00,64.5553000,65.0867000,63.9302000,64.8502000,458465
USDRUB,D,18/11/16,00:00:00,64.8503000,65.3112000,64.4604000,64.7132000,459713
USDRUB,D,19/11/16,00:00:00,64.7136000,65.1310000,64.3740000,64.7572000,3480
USDRUB,D,20/11/16,00:00:00,64.6438000,64.9769000,64.6438000,64.9634000,62
USDRUB,D,21/11/16,00:00:00,64.6847000,64.9661000,63.7421000,63.8125000,448928
USDRUB,D,22/11/16,00:00:00,63.9642000,64.2783000,63.4288000,63.7353000,525818
USDRUB,D,23/11/16,00:00:00,63.7513000,64.9380000,62.8321000,64.4035000,578691
USDRUB,D,24/11/16,00:00:00,64.4035000,64.7971000,64.0635000,64.4659000,551216
USDRUB,D,25/11/16,00:00:00,64.5044000,64.9694000,64.1865000,64.8741000,547330
USDRUB,D,26/11/16,00:00:00,64.9072000,65.2735000,64.4937000,64.9310000,977
USDRUB,D,27/11/16,00:00:00,64.7430000,64.9218000,64.4346000,64.4346000,69
USDRUB,D,28/11/16,00:00:00,64.4896000,65.2420000,63.8575000,64.8101000,537176
USDRUB,D,29/11/16,00:00:00,64.8009000,65.4971000,64.4570000,65.1939000,593152
USDRUB,D,30/11/16,00:00:00,65.2180000,65.3822000,63.9420000,64.1030000,682790
USDRUB,D,01/12/16,00:00:00,64.1077000,64.3523000,63.4350000,63.9555000,552107
USDRUB,D,02/12/16,00:00:00,63.9555000,64.3462000,63.4220000,63.9005000,488036
USDRUB,D,03/12/16,00:00:00,63.9156000,64.0262000,63.6455000,63.8732000,2635
USDRUB,D,04/12/16,00:00:00,63.8350000,63.9393000,63.8350000,63.9204000,74
USDRUB,D,05/12/16,00:00:00,63.8438000,64.4007000,62.6843000,63.7645000,482823
USDRUB,D,06/12/16,00:00:00,63.7645000,63.9840000,63.6213000,63.8398000,508917
USDRUB,D,07/12/16,00:00:00,63.8398000,63.9814000,63.0460000,63.2061000,533663
USDRUB,D,08/12/16,00:00:00,63.2200000,63.7964000,63.0874000,63.2853000,544772
USDRUB,D,09/12/16,00:00:00,63.3126000,64.0907000,62.1628000,62.2954000,440414
USDRUB,D,10/12/16,00:00:00,62.3779000,62.7528000,62.2052000,62.4748000,2745
USDRUB,D,11/12/16,00:00:00,62.4840000,62.4840000,62.2933000,62.4340000,78
USDRUB,D,12/12/16,00:00:00,62.4340000,63.5229000,60.6680000,61.0006000,462287
USDRUB,D,13/12/16,00:00:00,61.0006000,61.2695000,60.4080000,60.5942000,384680
USDRUB,D,14/12/16,00:00:00,60.5942000,62.3496000,60.3691000,62.0721000,426410
USDRUB,D,15/12/16,00:00:00,62.0721000,62.1821000,61.2938000,61.7205000,431280
USDRUB,D,16/12/16,00:00:00,61.7442000,62.5035000,60.8990000,62.0599000,407850
USDRUB,D,17/12/16,00:00:00,62.0622000,62.1480000,61.7375000,62.0824000,1866
USDRUB,D,18/12/16,00:00:00,62.1733000,62.2373000,61.4852000,62.0780000,52
USDRUB,D,19/12/16,00:00:00,62.0798000,62.2455000,61.1046000,61.8938000,360006
USDRUB,D,20/12/16,00:00:00,61.9136000,62.0526000,61.2715000,61.4588000,379124
USDRUB,D,21/12/16,00:00:00,61.4527000,61.4662000,60.6340000,61.1280000,379294
USDRUB,D,22/12/16,00:00:00,61.1506000,61.3210000,60.5574000,60.9356000,352668
USDRUB,D,23/12/16,00:00:00,60.9356000,61.3787000,60.7309000,61.0655000,335312
USDRUB,D,24/12/16,00:00:00,61.0925000,61.3870000,60.5357000,61.1295000,871
USDRUB,D,25/12/16,00:00:00,61.0120000,61.1463000,60.9763000,60.9763000,60
USDRUB,D,26/12/16,00:00:00,61.0120000,61.3589000,60.3951000,60.9399000,163063
USDRUB,D,27/12/16,00:00:00,60.9040000,62.1903000,60.3844000,60.7114000,334266
USDRUB,D,28/12/16,00:00:00,60.7287000,60.9245000,60.0470000,60.3561000,335651
USDRUB,D,29/12/16,00:00:00,60.3842000,60.8869000,60.0416000,60.0519000,424634
USDRUB,D,30/12/16,00:00:00,60.4392000,61.6442000,59.6791000,61.4918000,300881
USDRUB,D,31/12/16,00:00:00,61.4972000,61.7619000,60.9896000,61.3982000,520
USDRUB,D,01/01/17,00:00:00,61.5325000,61.6050000,61.2783000,61.2830000,58
USDRUB,D,02/01/17,00:00:00,61.4440000,61.6471000,60.7347000,61.1305000,7027
USDRUB,D,03/01/17,00:00:00,61.1890000,61.2880000,60.2959000,60.9423000,307321
USDRUB,D,04/01/17,00:00:00,60.9853000,61.2050000,60.1059000,60.4532000,331790
USDRUB,D,05/01/17,00:00:00,60.4478000,60.5100000,59.1350000,59.4324000,411594
USDRUB,D,06/01/17,00:00:00,59.4519000,59.7521000,58.9472000,59.6140000,323232
USDRUB,D,07/01/17,00:00:00,59.6097000,59.9338000,59.4290000,59.5988000,2201
USDRUB,D,08/01/17,00:00:00,59.5780000,59.6617000,59.5130000,59.6509000,74
USDRUB,D,09/01/17,00:00:00,59.6506000,60.1048000,58.9758000,60.0784000,349631
USDRUB,D,10/01/17,00:00:00,60.0680000,60.2769000,58.7282000,60.0723000,378479
USDRUB,D,11/01/17,00:00:00,60.0723000,60.6899000,58.9825000,59.7924000,456671
USDRUB,D,12/01/17,00:00:00,59.8133000,59.9299000,59.0525000,59.3380000,437058
USDRUB,D,13/01/17,00:00:00,59.3380000,59.8530000,59.0578000,59.5888000,408886
USDRUB,D,14/01/17,00:00:00,59.6131000,59.7089000,58.8221000,59.6367000,1608
USDRUB,D,15/01/17,00:00:00,59.6470000,59.6670000,59.5554000,59.6000000,61
USDRUB,D,16/01/17,00:00:00,59.6455000,59.9422000,58.9545000,59.8499000,326898
USDRUB,D,17/01/17,00:00:00,59.8499000,60.3564000,58.9225000,59.4245000,406117
USDRUB,D,18/01/17,00:00:00,59.4336000,59.5809000,59.0075000,59.4280000,405393
USDRUB,D,19/01/17,00:00:00,59.4826000,60.2591000,59.0959000,59.6470000,472449
USDRUB,D,20/01/17,00:00:00,59.6470000,60.0459000,59.2724000,59.4044000,379493
USDRUB,D,21/01/17,00:00:00,59.5886000,59.8372000,59.1490000,59.6800000,5908
USDRUB,D,23/01/17,00:00:00,59.5931000,59.9210000,59.1540000,59.5160000,342928
USDRUB,D,24/01/17,00:00:00,59.5220000,59.9311000,59.0513000,59.2647000,334627
USDRUB,D,25/01/17,00:00:00,59.2647000,59.6712000,58.8170000,59.5209000,362181
USDRUB,D,26/01/17,00:00:00,59.5209000,60.6168000,59.2805000,60.3817000,427290
USDRUB,D,27/01/17,00:00:00,60.4071000,60.5427000,59.5033000,59.8433000,407852
USDRUB,D,28/01/17,00:00:00,59.8523000,60.0730000,59.7550000,59.7950000,5991
USDRUB,D,29/01/17,00:00:00,59.7950000,60.0842000,59.5710000,59.8387000,80
USDRUB,D,30/01/17,00:00:00,59.7060000,60.2783000,58.9205000,59.8664000,419446
USDRUB,D,31/01/17,00:00:00,59.8664000,60.2324000,58.6978000,60.1142000,355404
USDRUB,D,01/02/17,00:00:00,60.1142000,60.5433000,59.9798000,60.0636000,356966
USDRUB,D,02/02/17,00:00:00,60.0636000,60.2972000,58.4800000,59.0915000,258893
USDRUB,D,03/02/17,00:00:00,59.0915000,59.6090000,58.7125000,58.9515000,363802
USDRUB,D,04/02/17,00:00:00,58.9515000,59.0410000,58.8387000,59.0062000,2835
USDRUB,D,05/02/17,00:00:00,59.0350000,59.0500000,58.9450000,59.0128000,74
USDRUB,D,06/02/17,00:00:00,58.9975000,59.8397000,56.8408000,58.8786000,286465
USDRUB,D,07/02/17,00:00:00,58.8907000,59.4994000,58.7190000,59.3512000,274427
USDRUB,D,08/02/17,00:00:00,59.3635000,59.6160000,59.0180000,59.2313000,291549
USDRUB,D,09/02/17,00:00:00,59.2313000,59.2937000,58.6550000,58.9316000,257830
USDRUB,D,10/02/17,00:00:00,58.9752000,59.0312000,58.1050000,58.2541000,291403
USDRUB,D,11/02/17,00:00:00,58.2910000,58.3977000,58.0169000,58.3033000,2122
USDRUB,D,12/02/17,00:00:00,58.2800000,58.3950000,58.0436000,58.2911000,70
USDRUB,D,13/02/17,00:00:00,58.3787000,58.6065000,57.8150000,57.9679000,265382
USDRUB,D,14/02/17,00:00:00,57.9891000,58.1825000,56.9030000,57.0678000,300243
USDRUB,D,15/02/17,00:00:00,57.0816000,57.8874000,56.5238000,57.2295000,295340
USDRUB,D,16/02/17,00:00:00,57.3061000,57.6744000,56.8675000,57.5370000,270537
USDRUB,D,17/02/17,00:00:00,57.5380000,58.5634000,56.7060000,58.4407000,283693
USDRUB,D,18/02/17,00:00:00,58.4369000,58.7055000,57.4361000,58.3768000,2497
USDRUB,D,19/02/17,00:00:00,58.4510000,58.5090000,58.4354000,58.4800000,66
USDRUB,D,20/02/17,00:00:00,58.4800000,58.4800000,57.7153000,57.8732000,227518
USDRUB,D,21/02/17,00:00:00,57.9019000,58.3470000,57.3600000,57.4114000,306381
USDRUB,D,22/02/17,00:00:00,57.4181000,58.1555000,57.2500000,58.0799000,273114
USDRUB,D,23/02/17,00:00:00,58.0948000,58.1432000,57.4600000,57.7160000,181871
USDRUB,D,24/02/17,00:00:00,57.7666000,58.5880000,57.5800000,58.4627000,272817
USDRUB,D,25/02/17,00:00:00,58.4351000,58.7050000,58.2393000,58.4910000,3419
USDRUB,D,26/02/17,00:00:00,58.4910000,58.5220000,58.3200000,58.4807000,83
USDRUB,D,27/02/17,00:00:00,58.4135000,58.4931000,57.5513000,58.1000000,258852
USDRUB,D,28/02/17,00:00:00,58.0869000,58.4987000,57.7700000,58.3132000,297675
USDRUB,D,01/03/17,00:00:00,58.3138000,58.5972000,57.5894000,58.2020000,312322
USDRUB,D,02/03/17,00:00:00,58.2643000,58.8666000,58.0071000,58.8296000,299190
USDRUB,D,03/03/17,00:00:00,58.8225000,59.0016000,58.0726000,58.2314000,328897
USDRUB,D,04/03/17,00:00:00,58.2428000,58.5200000,58.0880000,58.2858000,1611
USDRUB,D,05/03/17,00:00:00,58.2550000,58.5233000,58.2170000,58.2446000,74
USDRUB,D,06/03/17,00:00:00,58.2688000,58.5269000,56.8663000,58.2100000,287992
USDRUB,D,07/03/17,00:00:00,58.2100000,58.3759000,57.8565000,58.1425000,289954
USDRUB,D,08/03/17,00:00:00,58.1465000,58.9659000,58.0248000,58.8630000,197454
USDRUB,D,09/03/17,00:00:00,58.8720000,59.4880000,58.6410000,59.3202000,437013
USDRUB,D,10/03/17,00:00:00,59.3193000,59.3497000,58.6800000,58.9171000,352317
USDRUB,D,11/03/17,00:00:00,58.8874000,59.4520000,58.6299000,59.0336000,1874
USDRUB,D,12/03/17,00:00:00,58.9775000,59.4525000,58.7086000,58.9283000,86
USDRUB,D,13/03/17,00:00:00,58.7194000,59.3721000,58.6051000,58.7635000,337345
USDRUB,D,14/03/17,00:00:00,58.7193000,59.6166000,58.6052000,59.1135000,360283
USDRUB,D,15/03/17,00:00:00,59.2012000,59.5502000,58.1850000,58.4737000,377801
USDRUB,D,16/03/17,00:00:00,58.4300000,58.5387000,57.5375000,57.7708000,376028
USDRUB,D,17/03/17,00:00:00,57.8099000,58.0455000,57.0610000,57.1920000,333580
USDRUB,D,18/03/17,00:00:00,57.1897000,57.2998000,57.1290000,57.2208000,32
USDRUB,D,19/03/17,00:00:00,57.1290000,57.4510000,57.1290000,57.3723000,130
USDRUB,D,20/03/17,00:00:00,57.3828000,57.6305000,56.9748000,57.3420000,340711
USDRUB,D,21/03/17,00:00:00,57.4469000,57.7295000,56.9504000,57.6935000,347754
USDRUB,D,22/03/17,00:00:00,57.6546000,58.2180000,57.3892000,57.7020000,382385
USDRUB,D,23/03/17,00:00:00,57.7378000,57.7789000,56.9960000,57.2935000,320361
USDRUB,D,24/03/17,00:00:00,57.3550000,57.5135000,56.1590000,56.8962000,282357
USDRUB,D,25/03/17,00:00:00,56.9015000,56.9491000,56.4910000,56.8880000,28
USDRUB,D,26/03/17,00:00:00,56.9640000,56.9816000,56.5539000,56.9455000,91
USDRUB,D,27/03/17,00:00:00,56.9487000,57.4608000,56.6415000,56.8159000,287336
USDRUB,D,28/03/17,00:00:00,56.8801000,57.1811000,56.5385000,56.9935000,276508
USDRUB,D,29/03/17,00:00:00,56.9935000,57.1447000,56.4278000,56.5550000,298782
USDRUB,D,30/03/17,00:00:00,56.5752000,56.7480000,55.8548000,56.0900000,286768
USDRUB,D,31/03/17,00:00:00,56.0957000,56.5343000,55.7540000,56.2350000,302566
USDRUB,D,01/04/17,00:00:00,56.2480000,56.2713000,56.2070000,56.2490000,38
USDRUB,D,02/04/17,00:00:00,56.2550000,56.2557000,56.0250000,56.2531000,86
USDRUB,D,03/04/17,00:00:00,56.0940000,56.5020000,55.7500000,56.0060000,257467
USDRUB,D,04/04/17,00:00:00,56.0978000,56.7033000,55.8254000,56.0150000,295942
USDRUB,D,05/04/17,00:00:00,56.1609000,56.4003000,55.7313000,56.3120000,272752
USDRUB,D,06/04/17,00:00:00,56.3243000,56.6858000,56.0189000,56.0976000,237341
USDRUB,D,07/04/17,00:00:00,56.3532000,57.2605000,56.0550000,57.2450000,331660
USDRUB,D,08/04/17,00:00:00,57.2509000,57.2580000,57.0500000,57.2309000,32
USDRUB,D,09/04/17,00:00:00,57.2580000,57.4013000,57.2264000,57.3762000,91
USDRUB,D,10/04/17,00:00:00,57.3926000,57.5891000,57.0525000,57.1013000,271562
USDRUB,D,11/04/17,00:00:00,57.1970000,57.2891000,56.2617000,56.7566000,319125
USDRUB,D,12/04/17,00:00:00,56.9552000,57.2892000,56.2229000,56.5779000,353791
USDRUB,D,13/04/17,00:00:00,56.9075000,57.0770000,55.9358000,56.2035000,317954
USDRUB,D,14/04/17,00:00:00,56.2810000,56.3882000,55.9351000,56.0360000,186558
USDRUB,D,15/04/17,00:00:00,56.1835000,56.3490000,56.1420000,56.2358000,31
USDRUB,D,16/04/17,00:00:00,56.3490000,56.3693000,56.2130000,56.2893000,78
USDRUB,D,17/04/17,00:00:00,56.3271000,56.8337000,55.5786000,55.8780000,244425
USDRUB,D,18/04/17,00:00:00,55.9356000,56.2653000,55.5572000,56.2439000,309286
USDRUB,D,19/04/17,00:00:00,56.2544000,56.7394000,55.9260000,56.5370000,347222
USDRUB,D,20/04/17,00:00:00,56.6127000,56.7881000,55.8943000,56.0860000,286452
USDRUB,D,21/04/17,00:00:00,56.1277000,56.6746000,55.8764000,56.2802000,294428
USDRUB,D,22/04/17,00:00:00,56.6272000,56.6627000,56.4600000,56.5244000,28
USDRUB,D,23/04/17,00:00:00,56.4088000,56.4194000,55.8845000,56.0655000,141
USDRUB,D,24/04/17,00:00:00,56.0655000,56.2202000,55.5425000,55.8015000,294935
USDRUB,D,25/04/17,00:00:00,55.7660000,56.2444000,55.5425000,56.1139000,288802
USDRUB,D,26/04/17,00:00:00,56.1150000,57.1563000,55.8809000,57.0480000,319421
USDRUB,D,27/04/17,00:00:00,57.0795000,57.3610000,56.6418000,57.0038000,334214
USDRUB,D,28/04/17,00:00:00,57.1151000,57.2563000,56.5718000,56.6923000,301513
USDRUB,D,29/04/17,00:00:00,56.9477000,57.0772000,56.9184000,56.9311000,30
USDRUB,D,30/04/17,00:00:00,56.9320000,57.0350000,56.7950000,56.8213000,52
USDRUB,D,01/05/17,00:00:00,56.8918000,57.1250000,56.3200000,56.9620000,118512
USDRUB,D,02/05/17,00:00:00,56.9702000,57.1580000,56.7836000,57.0330000,266294
USDRUB,D,03/05/17,00:00:00,57.0267000,57.4069000,56.7656000,57.1827000,258746
USDRUB,D,04/05/17,00:00:00,57.3549000,58.4575000,57.1720000,58.3070000,318825
USDRUB,D,05/05/17,00:00:00,58.3452000,59.0700000,57.8351000,57.9300000,374361
USDRUB,D,06/05/17,00:00:00,57.9254000,57.9445000,57.7178000,57.9445000,30
USDRUB,D,07/05/17,00:00:00,57.9290000,58.3041000,57.9162000,58.0641000,286
USDRUB,D,08/05/17,00:00:00,58.0228000,58.4174000,57.3225000,57.9935000,179202
USDRUB,D,09/05/17,00:00:00,58.1389000,58.5878000,57.8730000,58.3835000,210983
USDRUB,D,10/05/17,00:00:00,58.4087000,58.4241000,57.1713000,57.4540000,326203
USDRUB,D,11/05/17,00:00:00,57.4341000,57.6500000,56.8650000,57.0610000,272453
USDRUB,D,12/05/17,00:00:00,57.0427000,57.3520000,56.8750000,56.9515000,232279
USDRUB,D,13/05/17,00:00:00,57.0560000,57.0691000,56.8583000,57.0691000,31
USDRUB,D,14/05/17,00:00:00,57.0913000,57.2495000,57.0347000,57.0399000,53
USDRUB,D,15/05/17,00:00:00,57.1230000,57.1997000,56.0869000,56.3550000,300930
USDRUB,D,16/05/17,00:00:00,56.3749000,56.8538000,56.0860000,56.5760000,293960
USDRUB,D,17/05/17,00:00:00,56.5904000,57.1531000,56.3074000,57.0970000,399762
USDRUB,D,18/05/17,00:00:00,57.1137000,58.1255000,56.7976000,57.5210000,402304
USDRUB,D,19/05/17,00:00:00,57.5351000,57.5960000,56.6015000,56.7838000,350537
USDRUB,D,20/05/17,00:00:00,56.9317000,57.0309000,56.7784000,56.9138000,31
USDRUB,D,21/05/17,00:00:00,56.9770000,56.9770000,56.4595000,56.8053000,88
USDRUB,D,22/05/17,00:00:00,56.8079000,57.1606000,56.0329000,56.0811000,302445
USDRUB,D,23/05/17,00:00:00,56.4400000,56.7374000,56.0292000,56.1712000,386482
USDRUB,D,24/05/17,00:00:00,56.4241000,56.5963000,56.0226000,56.4062000,368996
USDRUB,D,25/05/17,00:00:00,56.3074000,57.0110000,55.9477000,56.8970000,446988
USDRUB,D,26/05/17,00:00:00,56.9127000,57.0220000,56.3427000,56.5114000,367908
USDRUB,D,27/05/17,00:00:00,56.5101000,56.5320000,56.4026000,56.5125000,32
USDRUB,D,28/05/17,00:00:00,56.5320000,57.3320000,56.4157000,57.3025000,93
USDRUB,D,29/05/17,00:00:00,57.3123000,57.3151000,56.2288000,56.4630000,248541
USDRUB,D,30/05/17,00:00:00,56.4662000,56.7866000,55.9925000,56.4260000,335440
USDRUB,D,31/05/17,00:00:00,56.4745000,56.9475000,55.1649000,56.5420000,361918
USDRUB,D,01/06/17,00:00:00,56.6011000,56.8000000,56.0574000,56.3390000,345396
USDRUB,D,02/06/17,00:00:00,56.3600000,56.8519000,56.0214000,56.6390000,367666
USDRUB,D,03/06/17,00:00:00,56.6404000,56.6404000,56.5540000,56.6341000,31
USDRUB,D,04/06/17,00:00:00,56.6580000,56.7935000,56.5130000,56.7759000,81
USDRUB,D,05/06/17,00:00:00,56.7864000,56.8106000,56.2492000,56.5920000,342075
USDRUB,D,06/06/17,00:00:00,56.5942000,56.7661000,56.2360000,56.4170000,343117
USDRUB,D,07/06/17,00:00:00,56.4843000,57.1687000,56.2679000,57.0380000,339458
USDRUB,D,08/06/17,00:00:00,57.0462000,57.1856000,56.7673000,56.8790000,304256
USDRUB,D,09/06/17,00:00:00,56.8790000,57.0415000,56.8060000,57.0130000,260993
USDRUB,D,10/06/17,00:00:00,57.0268000,57.0360000,56.8653000,57.0190000,29
USDRUB,D,11/06/17,00:00:00,57.0331000,57.0360000,56.9077000,57.0247000,87
USDRUB,D,12/06/17,00:00:00,56.9512000,57.2126000,56.8858000,57.0580000,138405
USDRUB,D,13/06/17,00:00:00,57.0713000,57.1195000,56.7672000,56.9970000,223893
USDRUB,D,14/06/17,00:00:00,56.9969000,57.5757000,56.7794000,57.1527000,248282
USDRUB,D,15/06/17,00:00:00,57.1579000,57.8834000,56.7039000,57.8345000,250611
USDRUB,D,16/06/17,00:00:00,57.8450000,57.8695000,57.3719000,57.6239000,189309
USDRUB,D,17/06/17,00:00:00,57.7243000,57.7600000,57.5020000,57.7600000,34
USDRUB,D,18/06/17,00:00:00,57.7600000,57.7715000,57.4550000,57.4639000,83
USDRUB,D,19/06/17,00:00:00,57.6648000,58.4700000,57.3734000,58.4621000,200846
USDRUB,D,20/06/17,00:00:00,58.4501000,59.7719000,58.1915000,59.5320000,284799
USDRUB,D,21/06/17,00:00:00,59.5649000,60.4162000,59.2856000,60.2720000,309071
USDRUB,D,22/06/17,00:00:00,60.2695000,60.3948000,59.5964000,59.9700000,281424
USDRUB,D,23/06/17,00:00:00,59.9717000,60.0850000,59.1497000,59.4400000,177455
USDRUB,D,24/06/17,00:00:00,59.4464000,59.4479000,59.3478000,59.4446000,35
USDRUB,D,25/06/17,00:00:00,59.4530000,59.4530000,59.4357000,59.4357000,84
USDRUB,D,26/06/17,00:00:00,59.4445000,59.8035000,58.7161000,58.7830000,241617
USDRUB,D,27/06/17,00:00:00,58.7939000,59.5431000,58.1390000,59.4176000,268586
USDRUB,D,28/06/17,00:00:00,59.4346000,59.8680000,59.1200000,59.2310000,274609
USDRUB,D,29/06/17,00:00:00,59.2442000,59.9550000,58.8547000,59.4713000,262182
USDRUB,D,30/06/17,00:00:00,59.3999000,60.0836000,58.7250000,58.7719000,220920
USDRUB,D,01/07/17,00:00:00,58.8565000,58.9465000,58.2007000,58.9212000,29
USDRUB,D,02/07/17,00:00:00,58.9400000,58.9400000,58.2281000,58.8952000,76
USDRUB,D,03/07/17,00:00:00,58.8952000,59.4812000,58.2339000,59.3959000,211169
USDRUB,D,04/07/17,00:00:00,59.2205000,59.4544000,59.0872000,59.4479000,174161
USDRUB,D,05/07/17,00:00:00,59.4269000,60.2548000,59.1723000,59.9598000,303223
USDRUB,D,06/07/17,00:00:00,59.9597000,60.4241000,59.7075000,60.0706000,282648
USDRUB,D,07/07/17,00:00:00,60.1255000,60.6249000,59.9694000,60.4225000,299678
USDRUB,D,08/07/17,00:00:00,60.3786000,60.3939000,60.3249000,60.3807000,28
USDRUB,D,09/07/17,00:00:00,60.3750000,60.4584000,60.3489000,60.3595000,74
USDRUB,D,10/07/17,00:00:00,60.3812000,60.5344000,59.7638000,60.1990000,245307
USDRUB,D,11/07/17,00:00:00,60.2085000,60.9987000,60.1476000,60.7000000,268018
USDRUB,D,12/07/17,00:00:00,60.7437000,60.8596000,59.8000000,59.9437000,290891
USDRUB,D,13/07/17,00:00:00,59.9736000,60.2755000,59.4345000,59.9363000,279192
USDRUB,D,14/07/17,00:00:00,59.8925000,59.9590000,58.9520000,59.0295000,257781
USDRUB,D,15/07/17,00:00:00,59.0391000,59.1454000,58.9981000,59.0798000,33
USDRUB,D,16/07/17,00:00:00,59.0560000,59.0915000,58.9664000,58.9780000,121
USDRUB,D,17/07/17,00:00:00,58.9789000,59.7559000,58.9126000,59.3040000,242181
USDRUB,D,18/07/17,00:00:00,59.3309000,59.8068000,58.7747000,59.2703000,240607
USDRUB,D,19/07/17,00:00:00,59.3764000,59.7800000,58.8790000,58.9643000,225308
USDRUB,D,20/07/17,00:00:00,58.9572000,59.2289000,58.7394000,58.9317000,226125
USDRUB,D,21/07/17,00:00:00,58.9295000,59.3874000,58.7241000,59.3620000,215313
USDRUB,D,22/07/17,00:00:00,59.3095000,59.4443000,59.3010000,59.3118000,31
USDRUB,D,23/07/17,00:00:00,59.3290000,59.7276000,59.1313000,59.1959000,82
USDRUB,D,24/07/17,00:00:00,59.2844000,60.2012000,59.1872000,59.9790000,237574
USDRUB,D,25/07/17,00:00:00,59.9969000,60.1855000,59.6400000,59.8477000,237270
USDRUB,D,26/07/17,00:00:00,59.8493000,60.0878000,59.2850000,59.4129000,259854
USDRUB,D,27/07/17,00:00:00,59.4066000,59.6490000,59.2313000,59.5292000,248191
USDRUB,D,28/07/17,00:00:00,59.5276000,59.6380000,59.3141000,59.5133000,213572
USDRUB,D,29/07/17,00:00:00,59.5325000,59.5481000,59.4064000,59.5408000,30
USDRUB,D,30/07/17,00:00:00,59.5490000,59.5610000,59.4959000,59.5504000,84
USDRUB,D,31/07/17,00:00:00,59.5334000,60.4435000,59.4448000,59.7556000,253698
USDRUB,D,01/08/17,00:00:00,59.7622000,60.4946000,59.6150000,60.3233000,256058
USDRUB,D,02/08/17,00:00:00,60.3567000,60.8374000,60.2320000,60.5315000,294351
USDRUB,D,03/08/17,00:00:00,60.5554000,60.8430000,60.0392000,60.3259000,282692
USDRUB,D,04/08/17,00:00:00,60.3259000,60.4762000,59.7877000,59.9010000,244009
USDRUB,D,05/08/17,00:00:00,59.9306000,59.9663000,59.7791000,59.9525000,33
USDRUB,D,06/08/17,00:00:00,59.9310000,60.1414000,59.9038000,59.9099000,92
USDRUB,D,07/08/17,00:00:00,59.9803000,60.3222000,59.8089000,60.0170000,184133
USDRUB,D,08/08/17,00:00:00,60.0218000,60.1252000,59.6453000,59.8633000,138139
USDRUB,D,09/08/17,00:00:00,59.8648000,60.2119000,59.8075000,60.1568000,157710
USDRUB,D,10/08/17,00:00:00,60.1633000,60.1640000,59.6656000,60.1117000,160731
USDRUB,D,11/08/17,00:00:00,60.1095000,60.3013000,59.7469000,59.8315000,182897
USDRUB,D,12/08/17,00:00:00,59.8423000,59.8473000,59.5657000,59.8418000,32
USDRUB,D,13/08/17,00:00:00,59.8350000,59.8575000,59.6477000,59.6886000,84
USDRUB,D,14/08/17,00:00:00,59.8281000,59.9178000,59.2382000,59.9178000,161578
USDRUB,D,15/08/17,00:00:00,59.9213000,60.1228000,59.6375000,59.6937000,161140
USDRUB,D,16/08/17,00:00:00,59.6922000,59.8380000,59.2125000,59.3747000,202388
USDRUB,D,17/08/17,00:00:00,59.3706000,59.4771000,58.9388000,59.1698000,156608
USDRUB,D,18/08/17,00:00:00,59.2189000,59.5081000,58.8263000,58.9320000,171666
USDRUB,D,19/08/17,00:00:00,58.9443000,58.9774000,58.7573000,58.9774000,32
USDRUB,D,20/08/17,00:00:00,58.9190000,59.0667000,58.7705000,58.9636000,90
USDRUB,D,21/08/17,00:00:00,58.9573000,59.2330000,58.7450000,59.1295000,183512
USDRUB,D,22/08/17,00:00:00,59.1470000,59.2013000,58.8706000,59.0495000,138196
USDRUB,D,23/08/17,00:00:00,59.0654000,59.2484000,58.9447000,59.0432000,138717
USDRUB,D,24/08/17,00:00:00,59.0581000,59.2707000,58.9940000,59.1249000,124469
USDRUB,D,25/08/17,00:00:00,59.1270000,59.2346000,58.5089000,58.5520000,137629
USDRUB,D,26/08/17,00:00:00,58.5833000,58.6113000,58.3658000,58.5854000,36
USDRUB,D,27/08/17,00:00:00,58.5840000,58.5860000,58.3851000,58.4970000,52
USDRUB,D,28/08/17,00:00:00,58.5075000,58.7332000,58.2907000,58.4381000,121200
USDRUB,D,29/08/17,00:00:00,58.4329000,58.8815000,58.3759000,58.8177000,140544
USDRUB,D,30/08/17,00:00:00,58.8155000,58.9077000,58.2732000,58.3531000,162475
USDRUB,D,31/08/17,00:00:00,58.3451000,58.6555000,57.9438000,58.0165000,180380
USDRUB,D,01/09/17,00:00:00,58.0157000,58.1943000,57.3214000,57.4615000,213848
USDRUB,D,02/09/17,00:00:00,57.4807000,57.4840000,57.4505000,57.4805000,30
USDRUB,D,03/09/17,00:00:00,57.4650000,57.4955000,57.4503000,57.4561000,56
USDRUB,D,04/09/17,00:00:00,57.4650000,57.9539000,57.4506000,57.8135000,118158
USDRUB,D,05/09/17,00:00:00,57.8330000,58.1083000,57.1703000,57.5104000,178059
USDRUB,D,06/09/17,00:00:00,57.5152000,57.6080000,57.2002000,57.3806000,190773
USDRUB,D,07/09/17,00:00:00,57.3636000,57.4800000,56.7274000,56.8730000,217623
USDRUB,D,08/09/17,00:00:00,56.8916000,57.4765000,56.7550000,57.3580000,184111
USDRUB,D,09/09/17,00:00:00,57.3499000,57.3610000,57.3055000,57.3529000,29
USDRUB,D,10/09/17,00:00:00,57.3630000,57.4951000,57.2700000,57.3602000,95
USDRUB,D,11/09/17,00:00:00,57.3967000,57.4315000,56.9947000,57.2140000,177737
USDRUB,D,12/09/17,00:00:00,57.2097000,57.7631000,57.0788000,57.6435000,197000
USDRUB,D,13/09/17,00:00:00,57.6432000,57.9826000,57.5063000,57.9151000,227108
USDRUB,D,14/09/17,00:00:00,57.9126000,57.9944000,57.3372000,57.4990000,218468
USDRUB,D,15/09/17,00:00:00,57.5076000,57.7672000,57.3229000,57.6130000,181722
USDRUB,D,16/09/17,00:00:00,57.6421000,57.8070000,57.5094000,57.5981000,31
USDRUB,D,17/09/17,00:00:00,57.6400000,57.7068000,57.4850000,57.7068000,53
USDRUB,D,18/09/17,00:00:00,57.6400000,58.1532000,57.4522000,58.0422000,162862
USDRUB,D,19/09/17,00:00:00,58.0387000,58.3800000,57.6845000,58.0840000,212396
USDRUB,D,20/09/17,00:00:00,58.0933000,58.2961000,57.6590000,58.2913000,228272
USDRUB,D,21/09/17,00:00:00,58.2718000,58.4030000,57.7017000,57.9470000,224398
USDRUB,D,22/09/17,00:00:00,57.9613000,58.0047000,57.3548000,57.5315000,182900
USDRUB,D,23/09/17,00:00:00,57.5440000,57.5512000,57.4077000,57.5503000,29
USDRUB,D,24/09/17,00:00:00,57.4783000,57.6863000,57.4291000,57.4778000,62
USDRUB,D,25/09/17,00:00:00,57.5630000,57.7498000,57.1913000,57.4976000,217571
USDRUB,D,26/09/17,00:00:00,57.5162000,58.1488000,57.2139000,57.8718000,216161
USDRUB,D,27/09/17,00:00:00,57.8748000,58.3772000,57.7620000,58.1782000,237285
USDRUB,D,28/09/17,00:00:00,58.1925000,58.5795000,57.8589000,57.9015000,235640
USDRUB,D,29/09/17,00:00:00,57.9199000,58.0997000,57.4201000,57.5165000,216270
USDRUB,D,30/09/17,00:00:00,57.5280000,57.5881000,57.5202000,57.5428000,29
USDRUB,D,01/10/17,00:00:00,57.5270000,57.6600000,57.5270000,57.5830000,98
USDRUB,D,02/10/17,00:00:00,57.5687000,57.9874000,57.3106000,57.8366000,204513
USDRUB,D,03/10/17,00:00:00,57.9253000,58.1655000,57.7586000,57.8773000,166645
USDRUB,D,04/10/17,00:00:00,57.9292000,58.0276000,57.4761000,57.6709000,199329
USDRUB,D,05/10/17,00:00:00,57.6719000,57.7555000,57.3322000,57.7180000,205581
USDRUB,D,06/10/17,00:00:00,57.7149000,58.2616000,57.6320000,58.1030000,231138
USDRUB,D,07/10/17,00:00:00,58.1485000,58.2228000,58.1422000,58.1802000,29
USDRUB,D,08/10/17,00:00:00,58.1750000,58.1867000,57.9580000,58.0122000,86
USDRUB,D,09/10/17,00:00:00,58.1216000,58.5033000,57.9592000,58.1217000,178567
USDRUB,D,10/10/17,00:00:00,58.1238000,58.4127000,57.7533000,57.9854000,195446
USDRUB,D,11/10/17,00:00:00,57.9894000,58.1121000,57.7167000,57.7610000,203322
USDRUB,D,12/10/17,00:00:00,57.7742000,57.8448000,57.5674000,57.6852000,203343
USDRUB,D,13/10/17,00:00:00,57.6792000,57.8602000,56.9068000,57.3115000,201542
USDRUB,D,14/10/17,00:00:00,57.3260000,57.3260000,57.1900000,57.2029000,29
USDRUB,D,15/10/17,00:00:00,57.1900000,57.2490000,57.1425000,57.2490000,99
USDRUB,D,16/10/17,00:00:00,57.2022000,57.3816000,56.9384000,57.1972000,191585
USDRUB,D,17/10/17,00:00:00,57.2426000,57.5442000,57.0975000,57.2723000,208986
USDRUB,D,18/10/17,00:00:00,57.2658000,57.5021000,56.8499000,57.4390000,211037
USDRUB,D,19/10/17,00:00:00,57.4430000,57.7345000,57.2350000,57.2540000,214315
USDRUB,D,20/10/17,00:00:00,57.2729000,57.6376000,57.2258000,57.4535000,192475
USDRUB,D,21/10/17,00:00:00,57.4808000,57.4937000,57.3886000,57.4786000,29
USDRUB,D,22/10/17,00:00:00,57.4980000,57.6070000,57.4220000,57.4885000,102
USDRUB,D,23/10/17,00:00:00,57.4796000,57.6084000,57.3267000,57.4910000,171034
USDRUB,D,24/10/17,00:00:00,57.5222000,57.7118000,57.3278000,57.6258000,188088
USDRUB,D,25/10/17,00:00:00,57.6418000,57.8162000,57.4721000,57.7335000,217812
USDRUB,D,26/10/17,00:00:00,57.7335000,57.8936000,57.4261000,57.8420000,210274
USDRUB,D,27/10/17,00:00:00,57.8445000,58.7652000,57.7077000,58.0325000,262342
USDRUB,D,28/10/17,00:00:00,58.0698000,58.1538000,58.0605000,58.0885000,29
USDRUB,D,29/10/17,00:00:00,58.0720000,58.5475000,58.0720000,58.2150000,77
USDRUB,D,30/10/17,00:00:00,58.2250000,58.3619000,57.6054000,57.9730000,206451
USDRUB,D,31/10/17,00:00:00,57.9825000,58.6079000,57.8894000,58.3234000,238439
USDRUB,D,01/11/17,00:00:00,58.3240000,58.4080000,57.8673000,58.1906000,239696
